{
  "project_info": {
    "project_number": "1096696260796",
    "firebase_url": "https://uploadretreive.firebaseio.com",
    "project_id": "uploadretreive",
    "storage_bucket": "uploadretreive.appspot.com"
  },
  "client": [
    {
      "client_info": {
        "mobilesdk_app_id": "1:1096696260796:android:70663e6f021cef3a2e88b9",
        "android_client_info": {
          "package_name": "com.example.completefirebaseproject"
        }
      },
      "oauth_client": [
        {
          "client_id": "1096696260796-413e1g6a22kqpdiqtakdkjuhu8hl8r9j.apps.googleusercontent.com",
          "client_type": 1,
          "android_info": {
            "package_name": "com.example.completefirebaseproject",
            "certificate_hash": "2ddbac26d0ec29a227c25128d54f6f9e10eadd14"
          }
        },
        {
          "client_id": "1096696260796-1b3v9us09a7sj8bv6js83gq3pmg4pm39.apps.googleusercontent.com",
          "client_type": 3
        }
      ],
      "api_key": [
        {
          "current_key": "AIzaSyDab_S1bGh_HI7UOdFQGySVOsPgbbkO5as"
        }
      ],
      "services": {
        "appinvite_service": {
          "other_platform_oauth_client": [
            {
              "client_id": "1096696260796-1b3v9us09a7sj8bv6js83gq3pmg4pm39.apps.googleusercontent.com",
              "client_type": 3
            }
          ]
        }
      }
    },
    {
      "client_info": {
        "mobilesdk_app_id": "1:1096696260796:android:9c90cfe50a186afe2e88b9",
        "android_client_info": {
          "package_name": "com.example.firebaserestart"
        }
      },
      "oauth_client": [
        {
          "client_id": "1096696260796-7q5lqu0nmdhjogbrs63v25ev2m1q1u7g.apps.googleusercontent.com",
          "client_type": 1,
          "android_info": {
            "package_name": "com.example.firebaserestart",
            "certificate_hash": "2ddbac26d0ec29a227c25128d54f6f9e10eadd14"
          }
        },
        {
          "client_id": "1096696260796-1b3v9us09a7sj8bv6js83gq3pmg4pm39.apps.googleusercontent.com",
          "client_type": 3
        }
      ],
      "api_key": [
        {
          "current_key": "AIzaSyDab_S1bGh_HI7UOdFQGySVOsPgbbkO5as"
        }
      ],
      "services": {
        "appinvite_service": {
          "other_platform_oauth_client": [
            {
              "client_id": "1096696260796-1b3v9us09a7sj8bv6js83gq3pmg4pm39.apps.googleusercontent.com",
              "client_type": 3
            }
          ]
        }
      }
    },
    {
      "client_info": {
        "mobilesdk_app_id": "1:1096696260796:android:49cc8894b27a80f92e88b9",
        "android_client_info": {
          "package_name": "com.example.firebaseretreive"
        }
      },
      "oauth_client": [
        {
          "client_id": "1096696260796-27tfj5k7a61f0gi9f5s2qlq7b4p43btn.apps.googleusercontent.com",
          "client_type": 1,
          "android_info": {
            "package_name": "com.example.firebaseretreive",
            "certificate_hash": "2ddbac26d0ec29a227c25128d54f6f9e10eadd14"
          }
        },
        {
          "client_id": "1096696260796-1b3v9us09a7sj8bv6js83gq3pmg4pm39.apps.googleusercontent.com",
          "client_type": 3
        }
      ],
      "api_key": [
        {
          "current_key": "AIzaSyDab_S1bGh_HI7UOdFQGySVOsPgbbkO5as"
        }
      ],
      "services": {
        "appinvite_service": {
          "other_platform_oauth_client": [
            {
              "client_id": "1096696260796-1b3v9us09a7sj8bv6js83gq3pmg4pm39.apps.googleusercontent.com",
              "client_type": 3
            }
          ]
        }
      }
    },
    {
      "client_info": {
        "mobilesdk_app_id": "1:1096696260796:android:972b2966d18832132e88b9",
        "android_client_info": {
          "package_name": "com.example.firebaseupload"
        }
      },
      "oauth_client": [
        {
          "client_id": "1096696260796-r96tkesghjq496j94mqfp0vfe3cf693l.apps.googleusercontent.com",
          "client_type": 1,
          "android_info": {
            "package_name": "com.example.firebaseupload",
            "certificate_hash": "2ddbac26d0ec29a227c25128d54f6f9e10eadd14"
          }
        },
        {
          "client_id": "1096696260796-1b3v9us09a7sj8bv6js83gq3pmg4pm39.apps.googleusercontent.com",
          "client_type": 3
        }
      ],
      "api_key": [
        {
          "current_key": "AIzaSyDab_S1bGh_HI7UOdFQGySVOsPgbbkO5as"
        }
      ],
      "services": {
        "appinvite_service": {
          "other_platform_oauth_client": [
            {
              "client_id": "1096696260796-1b3v9us09a7sj8bv6js83gq3pmg4pm39.apps.googleusercontent.com",
              "client_type": 3
            }
          ]
        }
      }
    },
    {
      "client_info": {
        "mobilesdk_app_id": "1:1096696260796:android:b0fd77ff87893a122e88b9",
        "android_client_info": {
          "package_name": "com.example.firebaseuploaddownload"
        }
      },
      "oauth_client": [
        {
          "client_id": "1096696260796-1b3v9us09a7sj8bv6js83gq3pmg4pm39.apps.googleusercontent.com",
          "client_type": 3
        }
      ],
      "api_key": [
        {
          "current_key": "AIzaSyDab_S1bGh_HI7UOdFQGySVOsPgbbkO5as"
        }
      ],
      "services": {
        "appinvite_service": {
          "other_platform_oauth_client": [
            {
              "client_id": "1096696260796-1b3v9us09a7sj8bv6js83gq3pmg4pm39.apps.googleusercontent.com",
              "client_type": 3
            }
          ]
        }
      }
    },
    {
      "client_info": {
        "mobilesdk_app_id": "1:1096696260796:android:74000ab1e46533262e88b9",
        "android_client_info": {
          "package_name": "com.example.optics"
        }
      },
      "oauth_client": [
        {
          "client_id": "1096696260796-1b3v9us09a7sj8bv6js83gq3pmg4pm39.apps.googleusercontent.com",
          "client_type": 3
        }
      ],
      "api_key": [
        {
          "current_key": "AIzaSyDab_S1bGh_HI7UOdFQGySVOsPgbbkO5as"
        }
      ],
      "services": {
        "appinvite_service": {
          "other_platform_oauth_client": [
            {
              "client_id": "1096696260796-1b3v9us09a7sj8bv6js83gq3pmg4pm39.apps.googleusercontent.com",
              "client_type": 3
            }
          ]
        }
      }
    },
    {
      "client_info": {
        "mobilesdk_app_id": "1:1096696260796:android:1337628898d273092e88b9",
        "android_client_info": {
          "package_name": "com.example.paypal"
        }
      },
      "oauth_client": [
        {
          "client_id": "1096696260796-1b3v9us09a7sj8bv6js83gq3pmg4pm39.apps.googleusercontent.com",
          "client_type": 3
        }
      ],
      "api_key": [
        {
          "current_key": "AIzaSyDab_S1bGh_HI7UOdFQGySVOsPgbbkO5as"
        }
      ],
      "services": {
        "appinvite_service": {
          "other_platform_oauth_client": [
            {
              "client_id": "1096696260796-1b3v9us09a7sj8bv6js83gq3pmg4pm39.apps.googleusercontent.com",
              "client_type": 3
            }
          ]
        }
      }
    },
    {
      "client_info": {
        "mobilesdk_app_id": "1:1096696260796:android:943eda939367ba912e88b9",
        "android_client_info": {
          "package_name": "com.example.pharmacy"
        }
      },
      "oauth_client": [
        {
          "client_id": "1096696260796-1b3v9us09a7sj8bv6js83gq3pmg4pm39.apps.googleusercontent.com",
          "client_type": 3
        }
      ],
      "api_key": [
        {
          "current_key": "AIzaSyDab_S1bGh_HI7UOdFQGySVOsPgbbkO5as"
        }
      ],
      "services": {
        "appinvite_service": {
          "other_platform_oauth_client": [
            {
              "client_id": "1096696260796-1b3v9us09a7sj8bv6js83gq3pmg4pm39.apps.googleusercontent.com",
              "client_type": 3
            }
          ]
        }
      }
    },
    {
      "client_info": {
        "mobilesdk_app_id": "1:1096696260796:android:a32dd34c251af3472e88b9",
        "android_client_info": {
          "package_name": "com.example.profile"
        }
      },
      "oauth_client": [
        {
          "client_id": "1096696260796-1b3v9us09a7sj8bv6js83gq3pmg4pm39.apps.googleusercontent.com",
          "client_type": 3
        }
      ],
      "api_key": [
        {
          "current_key": "AIzaSyDab_S1bGh_HI7UOdFQGySVOsPgbbkO5as"
        }
      ],
      "services": {
        "appinvite_service": {
          "other_platform_oauth_client": [
            {
              "client_id": "1096696260796-1b3v9us09a7sj8bv6js83gq3pmg4pm39.apps.googleusercontent.com",
              "client_type": 3
            }
          ]
        }
      }
    }
  ],
  "configuration_version": "1"
}